Column,Original Value,Token
property_name,ABC_Stores_10_10_14,21d2561c-a42b-4047-b1b9-f2e38567deca
property_name,Account_Services_Production_Environment,0d03df85-2293-4a3a-8b8f-55c1d90dfa66
property_name,AO_Smith,130113f8-fe85-401a-bdb4-c65c3c1cd858
property_name,Archdiocese_of_Indianapolis_9_26_13,c881d50e-3623-4c62-ab2e-61bf7a3d2f7f
property_name,Asset_Care_Site_Production,8e2970f5-11a5-471e-a8ac-ad7666ba5f22
property_name,Associate_Preboarding_Site,a302cd65-25f7-4e2f-95b2-923d9e72dedf
property_name,Associated_Branch_Piolts,f2f4c7be-c47f-4e41-8831-f04529fd6b65
property_name,Baton_Rouge_Orthopaedic_Clinic,c9563d00-c6d7-466a-b706-28ef078578b9
property_name,Besser,de0dd308-8d89-41ac-8ebf-a93864f342f7
property_name,Bio_Techne,96cb4af1-3900-43c9-813a-a8c28d6f1599
property_name,Blain,c3794c86-7864-46dd-a270-c5c5bd40a1f0
property_name,Bollinger_Shipyards,a60aba6c-4d69-4178-a0df-5a1ba2a5f08a
property_name,Bowman_and_Brooke_LOOP,307ea3ef-41ea-48e0-8f16-1e6e3350ca0e
property_name,Calfee,54a9a1a9-0e45-40cf-af2b-3a7650f6ece7
property_name,Career_Recruiting_Landing_Page,81a4159e-2704-471e-9a51-afc46ababf07
property_name,City_of_Carmel_10_6_13,254e33e3-16a5-470d-be22-c46caaa4dbb5
property_name,CoxHealth,39684299-8321-4dbd-b2a0-d1c0d8cf9e94
property_name,CS_Online_ Full_Site _Post_Event_Landing_Page,3f07f8c6-e3fc-4619-82a2-8c6b52cf06ad
property_name,CSU_Brokerage_Client_Profile_Form,ade6e991-39dd-4431-912e-7d1decc6b288
property_name,CSU_Catalog_Dump_Page_Post_Event_Landing_Page,cfa5c731-0167-415f-86c8-27beec86a444
property_name,CSU_Opportunities_Post_Event_Landing_Page,2501faab-552e-4cdd-a713-7fadad9074b3
property_name,Data_Recognition_Corp,b24920f8-fd8d-45d8-b6f5-41a3f4c30334
property_name,Data_Recognition_Corporation,147be85d-f8ee-4ecb-9caa-cb666a06eb10
property_name,Diocese_of_Lafayette,0bb4d626-fb8e-44e8-92eb-50d221359a7c
property_name,eAccess,19eedf80-9ac6-4dd9-8d74-75e2b37af3c5
property_name,EB_Finalist_Presentation,854a9b83-a2ee-4838-b13d-1521966d0ba5
property_name,Edison_Chouest,4187db32-8167-47be-ba83-693815e23b57
property_name,Empire_Southwest,da27519b-fe53-42c3-808b-c22ec0cb396a
property_name,Employee_Benefits_Production_Environment,3bc27639-c079-4398-8588-072ec6d98890
property_name,eProducer,68c4f846-49b7-4327-8be2-2368d083af22
property_name,eSponsor,c7dcc1c5-b6b4-4738-a391-fb9a958a4e9b
property_name,Gregory_Poole,bcb8cf71-bf4d-4a28-b3a8-3c67983bd6e6
property_name,Gundersen_Health,2b4cee6e-9c52-45b6-ad10-5fe226eddfaf
property_name,Hawkins_Chemical,36942bd4-43c0-40f3-98ac-db0f440a2f4a
property_name,Intellicents,aff41cd6-4e49-46a4-89cd-d580e2e2ac22
property_name,Kaufman_Rossin,8700d76f-26f3-44d3-9d3f-04742be04f6b
property_name,Kentucky_Employers_Mutual_Ins,65fbc03c-4906-4b86-b779-93f6a24c0adf
property_name,Kingdom_Enterprises,b44ba43c-1ad9-41a6-900f-f3726bd1b567
property_name,Kodiak_Building_Partners,5e771905-bea9-465f-8f4b-c211d534650b
property_name,Lutheran_Life_Communities_10_6_13,97eaa57c-cbd5-4ef0-b597-d00c729a5862
property_name,Maclean_Fogg,c241852c-aef2-4174-99d2-2e98d04ebba0
property_name,Mary_Rutan_Health_UA,70926abd-5c46-485b-820a-825a44009686
property_name,Mortgage_Loans_Website_Production,1e61b05a-660c-4243-9263-ac2f12bebc2a
property_name,National_Wildlife_Federation,87002b1c-7887-430f-8cce-4b1a88f77bee
property_name,Nebraska_Pediatric,20a393a4-65c8-4286-85d6-73bc2432ccc5
property_name,Ohio_Anesthesia_Group,d3097436-6b8d-4a67-84f1-a6148c945a33
property_name,Oil_Dri_Corporation,77cc0b00-a8c5-4edd-9e92-72cd3dc4fce5
property_name,OneAmerica_Production_Environment,f340f09b-b5bb-44df-8654-67d2ac33ce73
property_name,OneSource_Online_Production_Environment,59ff0c7e-9ff9-4f5b-bda9-57ab0fd895dc
property_name,OneSource_Online_Vintage_Production_Environment,d772ff78-c626-4875-aa5d-2d53f8efa0e5
property_name,RS_Advisor_Welcome_Landing_Page,91f775e8-31fc-4bbe-a5a2-5cd3060d2356
property_name,"Saul,_Ewing,_Arnstein_And_Lehr",60245002-976c-4896-a555-65eb10f3f0b3
property_name,Seacoast_bank_401K,9b98c28e-8076-4151-b1fb-877e7e3bbd83
property_name,Summit_BDB_Client_Profile_Form,ab9b0ac9-d1b4-4b0a-b64e-ed2b8acdf3d4
property_name,Taylor_Regional_Hospital,ee091898-f4ac-4d35-8fb1-217ecea00ada
property_name,Telligen,89859b9a-e4bd-4cf8-a266-3815c61a3941
property_name,The_Arnold_Companies,45b0d24c-9c3d-4ebe-9eb8-e30a2b90686b
property_name,Thompson_Coburn_LLC,25645367-ecea-4642-a4e7-ae6e1d8c74c9
property_name,Toledo_Clinic,c894fe27-f83c-4dd8-9149-0dacab6cc87d
property_name,Tricorbraun,3094c187-83ad-45b4-8e8e-441261512347
property_name,UMB_Intranet,d1f5a6d2-45e0-4454-92dc-3430aee1af45
property_name,US_Radiology,d9c9d09c-fb10-4eb3-82fb-5c6842974f95
property_name,Vermeer,5384ceff-4d58-47d6-8414-b9ced00fa3d0
property_name,Vermeer_2,5fa692b2-3ffc-4b1d-b7dc-06a87ff69fa5
property_name,Walbec,4bcb318b-c1af-47d9-a133-699d7876888f
property_name,Waller,51461090-8a1f-4116-b7a3-f9abafa98f49
property_name,www_oaretirement_com,42ba9442-d2e6-4ba0-b566-15692b46ed91
property_id,UA_43804330_8,72e42cc1-e22c-4fc4-a13a-3740808578dc
property_id,UA_82833989_2,98d3fd10-ed8d-4633-bd14-e732db57b81c
property_id,UA_43804330_28,7c028694-dba1-4973-b325-390d31b31216
property_id,UA_43804330_3,32d9ea49-c36b-4419-959f-b5f3ebbaed37
property_id,UA_166144167_1,a90ac455-03fc-4732-95cd-2bdf833cb625
property_id,UA_178275604_7,8e5bd2cd-8b58-4ade-b9d2-5cd99e472929
property_id,UA_43804330_29,f8e52c74-4320-4c29-9c29-23f1dd3ba6ca
property_id,UA_43775133_23,8a451746-89f4-4538-a5fe-4a0d65330d97
property_id,UA_43775133_6,fde0051a-00e8-4fc6-8f19-8168c7f5c335
property_id,UA_43775133_24,4bc2635b-156b-4bc9-a76d-dd6e6e454a51
property_id,UA_43775133_14,6bc7bccb-eb8b-4e20-ac8d-dbf9a046f2d2
property_id,UA_43775133_32,18ab949e-7093-4f22-a632-4dd4628a7ef2
property_id,UA_43775133_13,8b8b58ff-f0f3-4d86-8137-917955ccc90a
property_id,UA_164245467_15,a9f455de-8225-4a9b-9609-f7580e8816f8
property_id,UA_178275604_8,40741095-3625-49df-b987-f17d9a8dd463
property_id,UA_36566833_20,b50c7de9-691b-46da-9c91-55b8f835cd3b
property_id,UA_36566833_79,1490481c-9cc9-41e3-9f44-db62ad60419b
property_id,UA_178275604_4,59aba483-8eca-45c1-9b74-e0df28008d20
property_id,UA_178275604_2,0a45f824-b0a6-4756-a8c9-6975339790f4
property_id,UA_178275604_5,93a1c1dd-49a7-48e2-bc0e-5aa54a059961
property_id,UA_178275604_6,55657038-7f30-430b-9a4c-21076940e336
property_id,UA_43832670_25,a2779455-fc33-4f5d-92f2-747a9d5e65e3
property_id,UA_43832670_26,32f21fa2-f547-4803-8b77-ecf4629a5694
property_id,UA_43804330_7,1f8179c2-b78a-4c70-913e-0c62d13045dd
property_id,UA_155404666_1,9386d7cb-1592-4ea4-abd4-4b1ab11862bf
property_id,UA_178275604_10,33c76d10-fb75-49c9-9475-f3cd4224c979
property_id,UA_43808855_22,b56640a8-a0da-4283-9ccc-9b2c7df35906
property_id,UA_43808855_27,e6c1eba0-8690-403f-803a-5bbc871e9634
property_id,UA_69173242_1,b31531ac-5240-4d78-a23c-86dd966eafe0
property_id,UA_155381603_1,fe6ae9c7-fba1-439c-a694-dc6c5d3f8788
property_id,UA_155401652_1,30063920-2b91-4acd-be55-17b45f78d5aa
property_id,UA_43807685_16,7fe9a6de-5f59-4f97-8819-ca16ac86eba7
property_id,UA_43807685_14,17233c68-76b8-4122-af19-6b8ad4e04d61
property_id,UA_43806884_37,0ca14697-f154-4aa9-b73b-bc24596556b4
property_id,UA_43804877_21,5e11ba09-5e74-4e7b-aa19-ae1e2c9cdc7c
property_id,UA_43803371_20,94074a4a-6722-4e93-bbbf-6558d754a93d
property_id,UA_43803371_5,4c756cf1-10fa-444f-860d-6900b98a88e4
property_id,UA_43803371_17,22c86587-6832-4211-bb33-d258af3e0665
property_id,UA_43803371_10,8ed3ddeb-d88e-41cb-9189-28aa8039d507
property_id,UA_43803770_7,b3de1098-1e25-4446-8d8a-aaab608b9632
property_id,UA_43805770_21,808aa7f9-ebeb-4ace-a53a-1e4f52b93ecd
property_id,UA_43805770_52,5fc5624d-c287-4a5f-bab7-4f22a08d2173
property_id,UA_140318317_1,ac0d9143-9c9a-4882-899c-f4dbea25dc9e
property_id,UA_139382306_7,3dd2f2a3-bac4-4aec-abf9-c950560f8089
property_id,UA_43804575_17,706a8858-78c9-4985-adf8-5e113054e05a
property_id,UA_43807784_19,3748984b-4612-4392-92b3-ee66b65a75ce
property_id,UA_43805671_27,53c4084c-4655-43e3-9162-4ad0435ba71c
property_id,UA_78326012_5,67787241-f033-4ac2-b165-ec8400fcc34a
property_id,UA_69095603_1,421af8cb-9190-47aa-a569-a0b0daf1c5a4
property_id,UA_195207917_1,7bc15280-f846-40c8-a3d5-5b868bd4d047
property_id,UA_43806686_4,d0368d61-6c22-4ea3-9d31-cec2dee28247
property_id,UA_43805875_38,3df5ec28-1b1f-4d2f-95ce-041b2da1d938
property_id,UA_139382306_26,216bbc0a-20d8-45e6-9bd8-7a8dca0e82b3
property_id,UA_178275604_3,b99f0225-0a6c-4494-9f6c-7e99a57ec7b6
property_id,UA_43804382_5,d840f7a7-17ab-488a-8445-c9f233ef2d56
property_id,UA_43804382_15,791e30bf-8173-486e-ad4d-80b97075d919
property_id,UA_43804382_12,fed67769-165f-448d-9fc9-4efb0f89d266
property_id,UA_43804382_37,dfffeb32-8649-4490-b1b1-5d8585fb5e1a
property_id,UA_43804382_14,e0ba4a1a-ea4c-4f93-8fb6-b3e27d4dc266
property_id,UA_43804382_17,2404a1a8-76d1-45d7-8f51-9050797a7fbc
property_id,UA_43863620_8,cc4bff99-bdc1-4c42-a17c-45861abf8352
property_id,UA_43863620_15,a7ac8994-b08a-47c1-926d-60b5a91ee4f6
property_id,UA_43808093_7,cd09337d-8761-4c09-a904-5e0820f9511e
property_id,UA_43808093_11,a7ec4c9c-5a71-459b-bea0-d9dfadeb5f07
property_id,UA_43803373_8,f474d463-d109-46fa-a810-ac6063339103
property_id,UA_43803373_14,4477a5bf-7643-4025-88b5-270e33cab46e
property_id,UA_153106139_1,777d45ec-64e0-4c0c-9e0b-3c5dc7e4ad20
view_id,91939541,400484d6-dc4c-4bf1-b38b-45a35d7aa22f
view_id,216420949,fcfa0aa5-1ce7-4547-85c0-6e52e6871d78
view_id,134327801,eec0b941-d422-47d8-92b3-27811262649d
view_id,76464526,e3a2a0bf-b392-4842-bc97-e5fcdde77799
view_id,218511339,f93c6c28-6f18-479f-8eb3-a534fc1b08fe
view_id,254939306,9f0164f7-caa5-425f-ad01-86462bd23fdb
view_id,138583422,14265e7b-700e-414d-87dc-8063b94a79a2
view_id,215307867,fc0a2d38-b578-469c-a8ee-f6cd7f347f09
view_id,77470512,f408db51-d4ff-4582-94c5-d460902b59d7
view_id,215647600,d2b8ab55-38e7-4eb8-9b8b-c1f7e90ef012
view_id,163156841,0814f3a7-c77d-4468-94a4-80fea36e13cd
view_id,245105770,03f638fb-33c3-4b03-b785-3939f5b29562
view_id,141384255,2c96d77d-23c6-41af-ad23-a0ee1dd45d54
view_id,246350942,3c26e96e-5689-4724-ac8e-365757e65017
view_id,255585647,adaf1483-f59a-405c-9fd3-0bfb8105c77c
view_id,76290420,04664130-493c-4a33-bfec-798ea79da9fc
view_id,254510466,927d1542-7e0a-4bf8-b2d9-fbed16c7360f
view_id,245749258,2c0eee38-81b4-420e-ba2f-52fc7c24002e
view_id,245687913,d0fb8a49-124d-4be1-b770-a022c79aeff6
view_id,245751480,8a62f82d-7682-484c-9654-3c7e6afa6cb9
view_id,245718757,2a49fe13-92e5-4717-b5be-3024e96dbbd4
view_id,215470389,3c525efc-de7e-4fd3-8550-1796e68329b0
view_id,206494982,333f276a-5553-4ed2-879d-a71bf8c59063
view_id,91923332,7c04b142-8f2b-4cfc-b566-209dcd8b848d
view_id,216455083,71e5f196-e891-4b3c-84a3-f97cf5303afc
view_id,266164393,b9814690-91a7-414a-a5d5-a1b3b401faf0
view_id,247004154,2e71a58d-6286-4dc0-806c-89cb7a895049
view_id,272958954,80be8071-71d6-46d0-9f87-a7b4a7b596a6
view_id,216460028,e4279fa3-973e-4e25-9576-d53fc6a204ed
view_id,216474274,130e1bda-c925-477c-921a-83fd8abb8af3
view_id,216479816,6a3cf26b-ba74-4b7c-8b98-cac43e9bb7a1
view_id,151230753,fe189f70-42f0-40fa-b19a-1757ccc1115a
view_id,134124636,8b9a40f7-a188-49f7-9033-a2bc8b26afec
view_id,247560403,a1c6fe86-493e-4280-9f1f-7d562bd1b434
view_id,251843809,e107e1e1-5785-4d1a-9e23-028f955da001
view_id,245176468,ebdc2f2d-8f83-4c21-9c87-efddd355fb93
view_id,128350361,dc23bdca-d980-4a5b-891d-ef0e4c269ae3
view_id,241109514,e0e4256e-9b7f-4d1f-bd73-bc8895e4e459
view_id,198257132,34fee3ee-ca26-4b72-825f-877f1cc18d27
view_id,76462026,3f6906d2-b49e-465d-ab0f-ee60b109558d
view_id,202631397,871b11a8-798d-4255-87e7-6b3b88798437
view_id,237917998,c6cff133-7f4c-42a2-a37a-3771bae64681
view_id,216601592,0765138e-8cff-4436-979e-29deab8d609a
view_id,215717153,1f845f37-2d40-44c3-8cf4-a6e5ac621a6c
view_id,177891103,38b9dd4f-968e-4e16-bc3e-7400a4a648f3
view_id,224096227,238c26cf-9c09-40ae-8115-997a4811e59f
view_id,203892780,ba03c0a0-a827-4844-879b-646951c327cc
view_id,123122523,2294b672-9cd3-4db0-8c54-e8747964824f
view_id,216638354,13327335-af3b-44ea-9da0-70b29e153885
view_id,241572917,3ebd0328-f64b-4968-a0a4-18258ad10adc
view_id,89862843,1a74d94d-a02a-4344-ae99-3f348444167a
view_id,216273032,1e27ab38-c8bf-413b-929d-b64098085571
view_id,217308458,7673bb01-1069-4181-bb6c-4240a7f6203b
view_id,245715727,76d37558-475f-4673-9d32-e7be2074f163
view_id,80050820,6fc4ed21-b19f-4843-886a-3c0638493c50
view_id,141784435,e83aed5d-a21a-4c82-83d0-1d427d9e5151
view_id,129210677,7f08543e-6c4f-47ca-898d-8e0b5fc97ba7
view_id,284171709,de65688c-341e-45e6-9280-0e60b78fe2ed
view_id,213883166,7fa4135e-d182-4bf2-8d6a-fc2928d746c1
view_id,215716208,d46ebbc6-b79f-40fa-939f-e2d7da4e4078
view_id,215636813,f7d125e5-0d70-4701-ad34-982aa217a18e
view_id,249076987,700bb729-a3dc-4428-ab3f-e126a95c0d8e
view_id,187853763,f15e7100-80ff-4874-aa33-6873d166f416
view_id,230130779,3696dcbe-5859-49bf-8b5a-6a9d2d361888
view_id,215645040,d0340285-c530-4ead-b7ce-d36d7cf4cfa8
view_id,227973338,a86013f2-d176-4fb3-8ddb-c60ab842c12e
view_id,216538020,0b8ea797-3bbc-4222-8a47-adb2bc7df890
